<Core.ScreenMap.WindowItemsMap assembly="Core, Version=0.1.6.0, Culture=neutral, PublicKeyToken=null"><fileLocation>.\Foo.xml</fileLocation><dirty null="True" /><loadedFromFile null="True" /><lastWindowPosition><_x>0</_x><_y>0</_y></lastWindowPosition><currentWindowPosition null="True" /><_items><Core.ScreenMap.UIItemLocation assembly="Core, Version=0.1.6.0, Culture=neutral, PublicKeyToken=null"><point><_x>17</_x><_y>104</_y></point><searchCriteria><conditions><_items><Core.UIItems.Finders.ControlTypeCondition assembly="Core, Version=0.1.6.0, Culture=neutral, PublicKeyToken=null"><controlType>50000</controlType></Core.UIItems.Finders.ControlTypeCondition><Core.UIItems.Finders.AutomationIdCondition assembly="Core, Version=0.1.6.0, Culture=neutral, PublicKeyToken=null"><identification>buton</identification></Core.UIItems.Finders.AutomationIdCondition><null /><null /></_items><_size>2</_size><_version>2</_version><_syncRoot null="True" /></conditions><indexCondition><index>-1</index></indexCondition><customItemType null="True" /></searchCriteria></Core.ScreenMap.UIItemLocation><null /><null /><null /></_items><_size>1</_size><_version>1</_version><_syncRoot null="True" /></Core.ScreenMap.WindowItemsMap>