<?xml version="1.0"?>
<doc>
    <assembly>
        <name>Recorder</name>
    </assembly>
    <members>
        <member name="F:Recorder.Controls.ApplicationsControl.components">
            <summary> 
            Required designer variable.
            </summary>
        </member>
        <member name="M:Recorder.Controls.ApplicationsControl.Dispose(System.Boolean)">
            <summary> 
            Clean up any resources being used.
            </summary>
            <param name="disposing">true if managed resources should be disposed; otherwise, false.</param>
        </member>
        <member name="M:Recorder.Controls.ApplicationsControl.InitializeComponent">
            <summary> 
            Required method for Designer support - do not modify 
            the contents of this method with the code editor.
            </summary>
        </member>
        <member name="F:Recorder.DashBoard.components">
            <summary>
            Required designer variable.
            </summary>
        </member>
        <member name="M:Recorder.DashBoard.Dispose(System.Boolean)">
            <summary>
            Clean up any resources being used.
            </summary>
            <param name="disposing">true if managed resources should be disposed; otherwise, false.</param>
        </member>
        <member name="M:Recorder.DashBoard.InitializeComponent">
            <summary>
            Required method for Designer support - do not modify
            the contents of this method with the code editor.
            </summary>
        </member>
        <member name="M:Recorder.Program.Main">
            <summary>
            The main entry point for the application.
            </summary>
        </member>
        <member name="F:Recorder.View.RecordOptionsView.components">
            <summary> 
            Required designer variable.
            </summary>
        </member>
        <member name="M:Recorder.View.RecordOptionsView.Dispose(System.Boolean)">
            <summary> 
            Clean up any resources being used.
            </summary>
            <param name="disposing">true if managed resources should be disposed; otherwise, false.</param>
        </member>
        <member name="M:Recorder.View.RecordOptionsView.InitializeComponent">
            <summary> 
            Required method for Designer support - do not modify 
            the contents of this method with the code editor.
            </summary>
        </member>
        <member name="F:Recorder.View.ScreenObjectGeneratorOptionsView.components">
            <summary> 
            Required designer variable.
            </summary>
        </member>
        <member name="M:Recorder.View.ScreenObjectGeneratorOptionsView.Dispose(System.Boolean)">
            <summary> 
            Clean up any resources being used.
            </summary>
            <param name="disposing">true if managed resources should be disposed; otherwise, false.</param>
        </member>
        <member name="M:Recorder.View.ScreenObjectGeneratorOptionsView.InitializeComponent">
            <summary> 
            Required method for Designer support - do not modify 
            the contents of this method with the code editor.
            </summary>
        </member>
        <member name="F:Recorder.View.WindowBrowser.components">
            <summary> 
            Required designer variable.
            </summary>
        </member>
        <member name="M:Recorder.View.WindowBrowser.Dispose(System.Boolean)">
            <summary> 
            Clean up any resources being used.
            </summary>
            <param name="disposing">true if managed resources should be disposed; otherwise, false.</param>
        </member>
        <member name="M:Recorder.View.WindowBrowser.InitializeComponent">
            <summary> 
            Required method for Designer support - do not modify 
            the contents of this method with the code editor.
            </summary>
        </member>
    </members>
</doc>
