<?xml version="1.0"?>
<doc>
    <assembly>
        <name>Reporting</name>
    </assembly>
    <members>
        <member name="F:Reporting.ReportControl.components">
            <summary> 
            Required designer variable.
            </summary>
        </member>
        <member name="M:Reporting.ReportControl.Dispose(System.Boolean)">
            <summary> 
            Clean up any resources being used.
            </summary>
            <param name="disposing">true if managed resources should be disposed; otherwise, false.</param>
        </member>
        <member name="M:Reporting.ReportControl.InitializeComponent">
            <summary> 
            Required method for Designer support - do not modify 
            the contents of this method with the code editor.
            </summary>
        </member>
    </members>
</doc>
